﻿{"cameraMode":{"drawMode":0,"name":"Shaded","section":"Shading Mode"},"sceneLighting":true,"audioPlay":false,"sceneViewState":{"showFog":true,"showMaterialUpdate":false,"showSkybox":true,"showFlares":true,"showImageEffects":true,"showParticleSystems":true},"in2DMode":false,"pivot":{"x":144.62120056152345,"y":347.4025573730469,"z":-17.232219696044923},"rotation":{"x":-0.051989246159791949,"y":-0.08111622929573059,"z":-0.004236633889377117,"w":0.9953388571739197},"size":1467.2711181640625,"orthographic":false}